--
-- PostgreSQL database dump
--

-- Dumped from database version 16.0
-- Dumped by pg_dump version 16.0

SET statement_timeout = 0;
SET lock_timeout = 0;
SET idle_in_transaction_session_timeout = 0;
SET client_encoding = 'UTF8';
SET standard_conforming_strings = on;
SELECT pg_catalog.set_config('search_path', '', false);
SET check_function_bodies = false;
SET xmloption = content;
SET client_min_messages = warning;
SET row_security = off;

--
-- Name: public; Type: SCHEMA; Schema: -; Owner: postgres
--

-- *not* creating schema, since initdb creates it


ALTER SCHEMA public OWNER TO postgres;

--
-- Name: SCHEMA public; Type: COMMENT; Schema: -; Owner: postgres
--

COMMENT ON SCHEMA public IS '';


--
-- Name: TaskStatus; Type: TYPE; Schema: public; Owner: postgres
--

CREATE TYPE public."TaskStatus" AS ENUM (
    'NOT_STARTED',
    'ON_PROGRESS',
    'DONE',
    'REJECT'
);


ALTER TYPE public."TaskStatus" OWNER TO postgres;

--
-- Name: notify_new_message(); Type: FUNCTION; Schema: public; Owner: postgres
--

CREATE FUNCTION public.notify_new_message() RETURNS trigger
    LANGUAGE plpgsql
    AS $$
BEGIN
  PERFORM pg_notify('new_message', row_to_json(NEW)::text);
  RETURN NEW;
END;
$$;


ALTER FUNCTION public.notify_new_message() OWNER TO postgres;

SET default_tablespace = '';

SET default_table_access_method = heap;

--
-- Name: Chat; Type: TABLE; Schema: public; Owner: postgres
--

CREATE TABLE public."Chat" (
    id integer NOT NULL,
    text text,
    "createdAt" timestamp(3) without time zone DEFAULT CURRENT_TIMESTAMP NOT NULL,
    "receiverId" text NOT NULL,
    "senderId" text NOT NULL
);


ALTER TABLE public."Chat" OWNER TO postgres;

--
-- Name: Chat_id_seq; Type: SEQUENCE; Schema: public; Owner: postgres
--

CREATE SEQUENCE public."Chat_id_seq"
    AS integer
    START WITH 1
    INCREMENT BY 1
    NO MINVALUE
    NO MAXVALUE
    CACHE 1;


ALTER SEQUENCE public."Chat_id_seq" OWNER TO postgres;

--
-- Name: Chat_id_seq; Type: SEQUENCE OWNED BY; Schema: public; Owner: postgres
--

ALTER SEQUENCE public."Chat_id_seq" OWNED BY public."Chat".id;


--
-- Name: Task; Type: TABLE; Schema: public; Owner: postgres
--

CREATE TABLE public."Task" (
    id text NOT NULL,
    title text NOT NULL,
    status public."TaskStatus" NOT NULL,
    description text NOT NULL,
    "createdAt" timestamp(3) without time zone DEFAULT CURRENT_TIMESTAMP NOT NULL,
    "updatedAt" timestamp(3) without time zone NOT NULL,
    "leadId" text NOT NULL,
    "teamId" text NOT NULL,
    "taskCode" text NOT NULL
);


ALTER TABLE public."Task" OWNER TO postgres;

--
-- Name: TaskLog; Type: TABLE; Schema: public; Owner: postgres
--

CREATE TABLE public."TaskLog" (
    id text NOT NULL,
    "taskId" text NOT NULL,
    action text NOT NULL,
    description text,
    "timestamp" timestamp(3) without time zone DEFAULT CURRENT_TIMESTAMP NOT NULL,
    message text DEFAULT ''::text NOT NULL
);


ALTER TABLE public."TaskLog" OWNER TO postgres;

--
-- Name: User; Type: TABLE; Schema: public; Owner: postgres
--

CREATE TABLE public."User" (
    id text NOT NULL,
    name text NOT NULL,
    email text NOT NULL,
    password text NOT NULL,
    role text NOT NULL,
    "createdAt" timestamp(3) without time zone DEFAULT CURRENT_TIMESTAMP NOT NULL,
    "updatedAt" timestamp(3) without time zone NOT NULL
);


ALTER TABLE public."User" OWNER TO postgres;

--
-- Name: Chat id; Type: DEFAULT; Schema: public; Owner: postgres
--

ALTER TABLE ONLY public."Chat" ALTER COLUMN id SET DEFAULT nextval('public."Chat_id_seq"'::regclass);


--
-- Data for Name: Chat; Type: TABLE DATA; Schema: public; Owner: postgres
--

COPY public."Chat" (id, text, "createdAt", "receiverId", "senderId") FROM stdin;
38	tes	2025-02-12 23:43:34.713	29731ea6-e037-40b3-a2b2-a2d55479db72	3b3e2f09-a2d3-4eee-8b4f-81c06b5b1711
40	tester	2025-02-12 23:50:13.621	29731ea6-e037-40b3-a2b2-a2d55479db72	3b3e2f09-a2d3-4eee-8b4f-81c06b5b1711
39	testt\n	2025-02-12 23:48:31.13	29731ea6-e037-40b3-a2b2-a2d55479db72	3b3e2f09-a2d3-4eee-8b4f-81c06b5b1711
41	test	2025-02-12 23:59:13.03	45438c37-ddfd-493a-b6bf-a9a6c28ade31	3b3e2f09-a2d3-4eee-8b4f-81c06b5b1711
42	tes	2025-02-13 00:25:47.423	3b3e2f09-a2d3-4eee-8b4f-81c06b5b1711	45438c37-ddfd-493a-b6bf-a9a6c28ade31
43	halo	2025-02-13 00:26:16.689	3b3e2f09-a2d3-4eee-8b4f-81c06b5b1711	45438c37-ddfd-493a-b6bf-a9a6c28ade31
44	haiii	2025-02-13 01:09:41.42	45438c37-ddfd-493a-b6bf-a9a6c28ade31	3b3e2f09-a2d3-4eee-8b4f-81c06b5b1711
45	hiyaaa	2025-02-13 01:09:56.55	45438c37-ddfd-493a-b6bf-a9a6c28ade31	3b3e2f09-a2d3-4eee-8b4f-81c06b5b1711
46	tes	2025-02-13 06:43:36.195	45438c37-ddfd-493a-b6bf-a9a6c28ade31	3b3e2f09-a2d3-4eee-8b4f-81c06b5b1711
47	hai apa kabar	2025-02-13 06:52:37.183	3b3e2f09-a2d3-4eee-8b4f-81c06b5b1711	45438c37-ddfd-493a-b6bf-a9a6c28ade31
48	hai apa kabar	2025-02-13 06:52:38.265	3b3e2f09-a2d3-4eee-8b4f-81c06b5b1711	45438c37-ddfd-493a-b6bf-a9a6c28ade31
49	hai apa kabar	2025-02-13 06:52:38.901	3b3e2f09-a2d3-4eee-8b4f-81c06b5b1711	45438c37-ddfd-493a-b6bf-a9a6c28ade31
50	hai apa kabar	2025-02-13 06:52:39.128	3b3e2f09-a2d3-4eee-8b4f-81c06b5b1711	45438c37-ddfd-493a-b6bf-a9a6c28ade31
51	hai apa kabar	2025-02-13 06:52:39.256	3b3e2f09-a2d3-4eee-8b4f-81c06b5b1711	45438c37-ddfd-493a-b6bf-a9a6c28ade31
52	hai apa kabar	2025-02-13 06:52:39.39	3b3e2f09-a2d3-4eee-8b4f-81c06b5b1711	45438c37-ddfd-493a-b6bf-a9a6c28ade31
53	hai apa kabar	2025-02-13 06:53:25.644	3b3e2f09-a2d3-4eee-8b4f-81c06b5b1711	45438c37-ddfd-493a-b6bf-a9a6c28ade31
54	hai apa kabar	2025-02-13 06:53:27.592	3b3e2f09-a2d3-4eee-8b4f-81c06b5b1711	45438c37-ddfd-493a-b6bf-a9a6c28ade31
55	apa kabar ?	2025-02-13 06:53:44.271	45438c37-ddfd-493a-b6bf-a9a6c28ade31	3b3e2f09-a2d3-4eee-8b4f-81c06b5b1711
56	apa kabar ?	2025-02-13 06:53:46.983	45438c37-ddfd-493a-b6bf-a9a6c28ade31	3b3e2f09-a2d3-4eee-8b4f-81c06b5b1711
57	pak bud	2025-02-13 08:03:24.794	3f7bc74f-a917-41cb-96c0-c3abb5dd1c03	3b3e2f09-a2d3-4eee-8b4f-81c06b5b1711
58	gimana hasil kemarin	2025-02-13 08:04:37.841	3f7bc74f-a917-41cb-96c0-c3abb5dd1c03	3b3e2f09-a2d3-4eee-8b4f-81c06b5b1711
59	apa udah ada	2025-02-13 08:04:40.961	3f7bc74f-a917-41cb-96c0-c3abb5dd1c03	3b3e2f09-a2d3-4eee-8b4f-81c06b5b1711
60	jawaba ?	2025-02-13 08:04:43.256	3f7bc74f-a917-41cb-96c0-c3abb5dd1c03	3b3e2f09-a2d3-4eee-8b4f-81c06b5b1711
61	udah pak kemaren saya coba	2025-02-13 08:05:35.988	3b3e2f09-a2d3-4eee-8b4f-81c06b5b1711	3f7bc74f-a917-41cb-96c0-c3abb5dd1c03
62	nanti saya crosscheck lagi pak	2025-02-13 08:11:00.646	3b3e2f09-a2d3-4eee-8b4f-81c06b5b1711	3f7bc74f-a917-41cb-96c0-c3abb5dd1c03
63	pak gimana masih disana ?	2025-02-13 08:20:34.856	3b3e2f09-a2d3-4eee-8b4f-81c06b5b1711	3f7bc74f-a917-41cb-96c0-c3abb5dd1c03
64	masih pak	2025-02-13 08:20:40.091	3f7bc74f-a917-41cb-96c0-c3abb5dd1c03	3b3e2f09-a2d3-4eee-8b4f-81c06b5b1711
65	saya udah dapat pak	2025-02-13 08:21:11.923	3b3e2f09-a2d3-4eee-8b4f-81c06b5b1711	3f7bc74f-a917-41cb-96c0-c3abb5dd1c03
66	ini dari socket ngirim	2025-02-13 09:21:06.839	45438c37-ddfd-493a-b6bf-a9a6c28ade31	3b3e2f09-a2d3-4eee-8b4f-81c06b5b1711
67	iya	2025-02-13 09:27:17.96	45438c37-ddfd-493a-b6bf-a9a6c28ade31	3b3e2f09-a2d3-4eee-8b4f-81c06b5b1711
68	hai	2025-02-13 09:27:28.018	45438c37-ddfd-493a-b6bf-a9a6c28ade31	3b3e2f09-a2d3-4eee-8b4f-81c06b5b1711
69	dari websocket ini	2025-02-13 09:28:17.206	45438c37-ddfd-493a-b6bf-a9a6c28ade31	3b3e2f09-a2d3-4eee-8b4f-81c06b5b1711
70	clara	2025-02-13 09:28:44.07	45438c37-ddfd-493a-b6bf-a9a6c28ade31	3b3e2f09-a2d3-4eee-8b4f-81c06b5b1711
71	uawaa	2025-02-13 09:29:45.987	45438c37-ddfd-493a-b6bf-a9a6c28ade31	3b3e2f09-a2d3-4eee-8b4f-81c06b5b1711
72	pak gimana	2025-02-13 09:35:36.957	3b3e2f09-a2d3-4eee-8b4f-81c06b5b1711	3f7bc74f-a917-41cb-96c0-c3abb5dd1c03
73	tes	2025-02-13 10:34:16.291	45438c37-ddfd-493a-b6bf-a9a6c28ade31	3b3e2f09-a2d3-4eee-8b4f-81c06b5b1711
74	udah belum	2025-02-13 10:37:40.564	3b3e2f09-a2d3-4eee-8b4f-81c06b5b1711	3f7bc74f-a917-41cb-96c0-c3abb5dd1c03
75	pak	2025-02-13 11:48:20.657	3f7bc74f-a917-41cb-96c0-c3abb5dd1c03	3b3e2f09-a2d3-4eee-8b4f-81c06b5b1711
76	ada apa	2025-02-13 11:48:38.878	3b3e2f09-a2d3-4eee-8b4f-81c06b5b1711	3f7bc74f-a917-41cb-96c0-c3abb5dd1c03
77	tes	2025-02-13 11:51:24.837	3f7bc74f-a917-41cb-96c0-c3abb5dd1c03	3b3e2f09-a2d3-4eee-8b4f-81c06b5b1711
78	pakkk	2025-02-13 11:51:33.444	3b3e2f09-a2d3-4eee-8b4f-81c06b5b1711	3f7bc74f-a917-41cb-96c0-c3abb5dd1c03
79	pak	2025-02-13 11:58:10.381	3b3e2f09-a2d3-4eee-8b4f-81c06b5b1711	3f7bc74f-a917-41cb-96c0-c3abb5dd1c03
80	iya bro	2025-02-13 11:58:21.85	3f7bc74f-a917-41cb-96c0-c3abb5dd1c03	3b3e2f09-a2d3-4eee-8b4f-81c06b5b1711
81	ada lagi ga	2025-02-13 11:59:09.429	3b3e2f09-a2d3-4eee-8b4f-81c06b5b1711	3f7bc74f-a917-41cb-96c0-c3abb5dd1c03
82	nggaa adaa	2025-02-13 11:59:14.257	3f7bc74f-a917-41cb-96c0-c3abb5dd1c03	3b3e2f09-a2d3-4eee-8b4f-81c06b5b1711
83	heehee	2025-02-13 11:59:18.944	3f7bc74f-a917-41cb-96c0-c3abb5dd1c03	3b3e2f09-a2d3-4eee-8b4f-81c06b5b1711
84	🦜😂	2025-02-13 11:59:30.548	3f7bc74f-a917-41cb-96c0-c3abb5dd1c03	3b3e2f09-a2d3-4eee-8b4f-81c06b5b1711
85	🦜	2025-02-13 11:59:45.298	3f7bc74f-a917-41cb-96c0-c3abb5dd1c03	3b3e2f09-a2d3-4eee-8b4f-81c06b5b1711
86	bud bud	2025-02-13 12:01:47.804	3f7bc74f-a917-41cb-96c0-c3abb5dd1c03	3b3e2f09-a2d3-4eee-8b4f-81c06b5b1711
87	woy	2025-02-13 12:01:52.08	3b3e2f09-a2d3-4eee-8b4f-81c06b5b1711	3f7bc74f-a917-41cb-96c0-c3abb5dd1c03
88	woyyyy	2025-02-13 12:01:55.102	3b3e2f09-a2d3-4eee-8b4f-81c06b5b1711	3f7bc74f-a917-41cb-96c0-c3abb5dd1c03
89	pakk	2025-02-13 12:51:15.697	3f7bc74f-a917-41cb-96c0-c3abb5dd1c03	3b3e2f09-a2d3-4eee-8b4f-81c06b5b1711
90	apaaaaa	2025-02-13 12:51:19.071	3f7bc74f-a917-41cb-96c0-c3abb5dd1c03	3b3e2f09-a2d3-4eee-8b4f-81c06b5b1711
91	iyaa	2025-02-13 12:51:23.068	3b3e2f09-a2d3-4eee-8b4f-81c06b5b1711	3f7bc74f-a917-41cb-96c0-c3abb5dd1c03
92	hai nak	2025-02-13 12:55:06.997	3f7bc74f-a917-41cb-96c0-c3abb5dd1c03	3b3e2f09-a2d3-4eee-8b4f-81c06b5b1711
93	baik apk	2025-02-13 12:55:10.913	3b3e2f09-a2d3-4eee-8b4f-81c06b5b1711	3f7bc74f-a917-41cb-96c0-c3abb5dd1c03
94	hallo	2025-02-13 12:55:22.941	3b3e2f09-a2d3-4eee-8b4f-81c06b5b1711	3f7bc74f-a917-41cb-96c0-c3abb5dd1c03
95	pakkkk	2025-02-13 12:55:54.287	3b3e2f09-a2d3-4eee-8b4f-81c06b5b1711	3f7bc74f-a917-41cb-96c0-c3abb5dd1c03
96	asdasd	2025-02-13 12:56:05.295	3b3e2f09-a2d3-4eee-8b4f-81c06b5b1711	3f7bc74f-a917-41cb-96c0-c3abb5dd1c03
97	pak	2025-02-13 12:56:24.701	3b3e2f09-a2d3-4eee-8b4f-81c06b5b1711	3f7bc74f-a917-41cb-96c0-c3abb5dd1c03
98	asdasdasd	2025-02-13 12:56:27.303	3b3e2f09-a2d3-4eee-8b4f-81c06b5b1711	3f7bc74f-a917-41cb-96c0-c3abb5dd1c03
99	sdf	2025-02-13 12:56:30.068	3b3e2f09-a2d3-4eee-8b4f-81c06b5b1711	3f7bc74f-a917-41cb-96c0-c3abb5dd1c03
101	dfg	2025-02-13 12:56:38.479	3b3e2f09-a2d3-4eee-8b4f-81c06b5b1711	3f7bc74f-a917-41cb-96c0-c3abb5dd1c03
100	sdsad	2025-02-13 12:56:32.887	3f7bc74f-a917-41cb-96c0-c3abb5dd1c03	3b3e2f09-a2d3-4eee-8b4f-81c06b5b1711
102	asd	2025-02-13 12:57:26.688	3f7bc74f-a917-41cb-96c0-c3abb5dd1c03	3b3e2f09-a2d3-4eee-8b4f-81c06b5b1711
103	zxczxc	2025-02-13 12:57:30.756	3b3e2f09-a2d3-4eee-8b4f-81c06b5b1711	3f7bc74f-a917-41cb-96c0-c3abb5dd1c03
104	sdfs	2025-02-13 12:57:58.377	3f7bc74f-a917-41cb-96c0-c3abb5dd1c03	3b3e2f09-a2d3-4eee-8b4f-81c06b5b1711
105	sdf	2025-02-13 12:58:02.029	3b3e2f09-a2d3-4eee-8b4f-81c06b5b1711	3f7bc74f-a917-41cb-96c0-c3abb5dd1c03
106	asd	2025-02-13 12:59:39.048	3f7bc74f-a917-41cb-96c0-c3abb5dd1c03	3b3e2f09-a2d3-4eee-8b4f-81c06b5b1711
107	tes	2025-02-13 13:01:46.473	3b3e2f09-a2d3-4eee-8b4f-81c06b5b1711	3f7bc74f-a917-41cb-96c0-c3abb5dd1c03
108	hai	2025-02-13 13:01:49.09	3f7bc74f-a917-41cb-96c0-c3abb5dd1c03	3b3e2f09-a2d3-4eee-8b4f-81c06b5b1711
109	apa	2025-02-13 13:01:51.515	3b3e2f09-a2d3-4eee-8b4f-81c06b5b1711	3f7bc74f-a917-41cb-96c0-c3abb5dd1c03
110	asdasdasd	2025-02-13 13:01:52.991	3b3e2f09-a2d3-4eee-8b4f-81c06b5b1711	3f7bc74f-a917-41cb-96c0-c3abb5dd1c03
111	hihihihihihih	2025-02-13 13:01:58.752	3b3e2f09-a2d3-4eee-8b4f-81c06b5b1711	3f7bc74f-a917-41cb-96c0-c3abb5dd1c03
112	woyyyyyyyyyyyyyyyy	2025-02-13 13:02:06.465	3f7bc74f-a917-41cb-96c0-c3abb5dd1c03	3b3e2f09-a2d3-4eee-8b4f-81c06b5b1711
113	apa cokkk	2025-02-13 13:02:11.258	3b3e2f09-a2d3-4eee-8b4f-81c06b5b1711	3f7bc74f-a917-41cb-96c0-c3abb5dd1c03
114	wkwkwkwkwkw	2025-02-13 13:02:12.685	3b3e2f09-a2d3-4eee-8b4f-81c06b5b1711	3f7bc74f-a917-41cb-96c0-c3abb5dd1c03
115	asdasdlasjdlaksdjlasd	2025-02-13 13:02:14.442	3b3e2f09-a2d3-4eee-8b4f-81c06b5b1711	3f7bc74f-a917-41cb-96c0-c3abb5dd1c03
116	muahhh'	2025-02-13 13:02:17.167	3b3e2f09-a2d3-4eee-8b4f-81c06b5b1711	3f7bc74f-a917-41cb-96c0-c3abb5dd1c03
117	muall	2025-02-13 13:02:18.544	3b3e2f09-a2d3-4eee-8b4f-81c06b5b1711	3f7bc74f-a917-41cb-96c0-c3abb5dd1c03
118	!#$^%&*^	2025-02-13 13:02:20.771	3b3e2f09-a2d3-4eee-8b4f-81c06b5b1711	3f7bc74f-a917-41cb-96c0-c3abb5dd1c03
119	apasih gaje	2025-02-13 13:02:24.746	3f7bc74f-a917-41cb-96c0-c3abb5dd1c03	3b3e2f09-a2d3-4eee-8b4f-81c06b5b1711
120	hi pak	2025-02-13 13:58:32.61	3f7bc74f-a917-41cb-96c0-c3abb5dd1c03	3b3e2f09-a2d3-4eee-8b4f-81c06b5b1711
121	iya kenapa nak	2025-02-13 13:58:49.573	3b3e2f09-a2d3-4eee-8b4f-81c06b5b1711	3f7bc74f-a917-41cb-96c0-c3abb5dd1c03
122	ngga papa ?	2025-02-13 13:58:54.309	3b3e2f09-a2d3-4eee-8b4f-81c06b5b1711	3f7bc74f-a917-41cb-96c0-c3abb5dd1c03
123	iya pak	2025-02-13 13:58:56.553	3b3e2f09-a2d3-4eee-8b4f-81c06b5b1711	3f7bc74f-a917-41cb-96c0-c3abb5dd1c03
124	iya mas	2025-02-13 13:58:58.984	3f7bc74f-a917-41cb-96c0-c3abb5dd1c03	3b3e2f09-a2d3-4eee-8b4f-81c06b5b1711
125	mas	2025-02-13 13:59:00.002	3f7bc74f-a917-41cb-96c0-c3abb5dd1c03	3b3e2f09-a2d3-4eee-8b4f-81c06b5b1711
126	tes	2025-02-13 13:59:01.164	3f7bc74f-a917-41cb-96c0-c3abb5dd1c03	3b3e2f09-a2d3-4eee-8b4f-81c06b5b1711
127	tesss	2025-02-13 14:20:12.771	45438c37-ddfd-493a-b6bf-a9a6c28ade31	3b3e2f09-a2d3-4eee-8b4f-81c06b5b1711
128	mas bisa bantu ke atas ga	2025-02-13 14:21:19.738	3b3e2f09-a2d3-4eee-8b4f-81c06b5b1711	3f7bc74f-a917-41cb-96c0-c3abb5dd1c03
129	bisa pak	2025-02-13 14:21:28.981	3f7bc74f-a917-41cb-96c0-c3abb5dd1c03	3b3e2f09-a2d3-4eee-8b4f-81c06b5b1711
130	ra	2025-02-13 15:47:53.003	45438c37-ddfd-493a-b6bf-a9a6c28ade31	3f7bc74f-a917-41cb-96c0-c3abb5dd1c03
131	ra	2025-02-13 15:47:57.15	45438c37-ddfd-493a-b6bf-a9a6c28ade31	3b3e2f09-a2d3-4eee-8b4f-81c06b5b1711
132	bud	2025-02-13 15:48:03.762	3f7bc74f-a917-41cb-96c0-c3abb5dd1c03	3b3e2f09-a2d3-4eee-8b4f-81c06b5b1711
133	bud	2025-02-13 15:48:16.932	3f7bc74f-a917-41cb-96c0-c3abb5dd1c03	3b3e2f09-a2d3-4eee-8b4f-81c06b5b1711
134	apa cok	2025-02-13 15:48:21.187	3b3e2f09-a2d3-4eee-8b4f-81c06b5b1711	3f7bc74f-a917-41cb-96c0-c3abb5dd1c03
135	bre	2025-02-13 16:03:48.481	3b3e2f09-a2d3-4eee-8b4f-81c06b5b1711	29731ea6-e037-40b3-a2b2-a2d55479db72
136	mau minta tolong	2025-02-13 16:04:15.547	3b3e2f09-a2d3-4eee-8b4f-81c06b5b1711	29731ea6-e037-40b3-a2b2-a2d55479db72
137	kenapa boy	2025-02-13 16:04:20.613	29731ea6-e037-40b3-a2b2-a2d55479db72	3b3e2f09-a2d3-4eee-8b4f-81c06b5b1711
138	rid	2025-02-13 16:16:48.16	3b3e2f09-a2d3-4eee-8b4f-81c06b5b1711	29731ea6-e037-40b3-a2b2-a2d55479db72
139	clara liat pak ridwan ngga ya	2025-02-13 16:17:03.245	45438c37-ddfd-493a-b6bf-a9a6c28ade31	29731ea6-e037-40b3-a2b2-a2d55479db72
140	ra	2025-02-13 16:17:14.455	45438c37-ddfd-493a-b6bf-a9a6c28ade31	29731ea6-e037-40b3-a2b2-a2d55479db72
141	liat pak ridwan ngga ya	2025-02-13 16:17:18.439	45438c37-ddfd-493a-b6bf-a9a6c28ade31	29731ea6-e037-40b3-a2b2-a2d55479db72
142	ngga mas	2025-02-13 16:17:26.465	29731ea6-e037-40b3-a2b2-a2d55479db72	45438c37-ddfd-493a-b6bf-a9a6c28ade31
143	maaf ya	2025-02-13 16:17:28.757	29731ea6-e037-40b3-a2b2-a2d55479db72	45438c37-ddfd-493a-b6bf-a9a6c28ade31
144	bye	2025-02-13 16:17:29.746	29731ea6-e037-40b3-a2b2-a2d55479db72	45438c37-ddfd-493a-b6bf-a9a6c28ade31
145	tes	2025-02-13 16:58:46.502	29731ea6-e037-40b3-a2b2-a2d55479db72	3b3e2f09-a2d3-4eee-8b4f-81c06b5b1711
146	hai	2025-02-13 16:58:50.3	29731ea6-e037-40b3-a2b2-a2d55479db72	3b3e2f09-a2d3-4eee-8b4f-81c06b5b1711
147	hai juga	2025-02-13 16:58:58.72	29731ea6-e037-40b3-a2b2-a2d55479db72	45438c37-ddfd-493a-b6bf-a9a6c28ade31
148	halo	2025-02-13 16:59:39.656	29731ea6-e037-40b3-a2b2-a2d55479db72	3b3e2f09-a2d3-4eee-8b4f-81c06b5b1711
149	hei	2025-02-13 16:59:46.823	29731ea6-e037-40b3-a2b2-a2d55479db72	3b3e2f09-a2d3-4eee-8b4f-81c06b5b1711
150	hei	2025-02-13 16:59:54.734	29731ea6-e037-40b3-a2b2-a2d55479db72	3b3e2f09-a2d3-4eee-8b4f-81c06b5b1711
151	hiyaaa	2025-02-13 17:00:01.437	29731ea6-e037-40b3-a2b2-a2d55479db72	3b3e2f09-a2d3-4eee-8b4f-81c06b5b1711
152	asdads	2025-02-13 17:00:06.996	29731ea6-e037-40b3-a2b2-a2d55479db72	3b3e2f09-a2d3-4eee-8b4f-81c06b5b1711
153	tse	2025-02-13 17:00:10.611	29731ea6-e037-40b3-a2b2-a2d55479db72	3b3e2f09-a2d3-4eee-8b4f-81c06b5b1711
154	tesss	2025-02-13 17:00:14.865	29731ea6-e037-40b3-a2b2-a2d55479db72	3b3e2f09-a2d3-4eee-8b4f-81c06b5b1711
155	pak bud	2025-02-13 17:01:28.761	3f7bc74f-a917-41cb-96c0-c3abb5dd1c03	29731ea6-e037-40b3-a2b2-a2d55479db72
156	bree	2025-02-13 17:01:36.612	3b3e2f09-a2d3-4eee-8b4f-81c06b5b1711	29731ea6-e037-40b3-a2b2-a2d55479db72
157	tes	2025-02-13 17:05:18.921	45438c37-ddfd-493a-b6bf-a9a6c28ade31	29731ea6-e037-40b3-a2b2-a2d55479db72
158	tes	2025-02-13 17:06:25.83	45438c37-ddfd-493a-b6bf-a9a6c28ade31	29731ea6-e037-40b3-a2b2-a2d55479db72
159	kak	2025-02-13 17:07:51.674	45438c37-ddfd-493a-b6bf-a9a6c28ade31	29731ea6-e037-40b3-a2b2-a2d55479db72
160	iya	2025-02-13 17:07:57.392	29731ea6-e037-40b3-a2b2-a2d55479db72	45438c37-ddfd-493a-b6bf-a9a6c28ade31
161	ada apa	2025-02-13 17:07:59.701	45438c37-ddfd-493a-b6bf-a9a6c28ade31	29731ea6-e037-40b3-a2b2-a2d55479db72
162	ngga papah kok	2025-02-13 17:08:05.1	29731ea6-e037-40b3-a2b2-a2d55479db72	45438c37-ddfd-493a-b6bf-a9a6c28ade31
163	well	2025-02-13 17:08:07.897	45438c37-ddfd-493a-b6bf-a9a6c28ade31	29731ea6-e037-40b3-a2b2-a2d55479db72
164	hallowww	2025-02-13 17:08:24.472	45438c37-ddfd-493a-b6bf-a9a6c28ade31	29731ea6-e037-40b3-a2b2-a2d55479db72
165	may	2025-02-13 17:52:40.842	0fe3ac80-a012-483a-b805-95f6faf88eef	29731ea6-e037-40b3-a2b2-a2d55479db72
166	may	2025-02-13 18:02:03.686	0fe3ac80-a012-483a-b805-95f6faf88eef	29731ea6-e037-40b3-a2b2-a2d55479db72
167	iya suf	2025-02-13 18:27:54.735	29731ea6-e037-40b3-a2b2-a2d55479db72	0fe3ac80-a012-483a-b805-95f6faf88eef
168	kenapa suf	2025-02-13 18:28:01.992	29731ea6-e037-40b3-a2b2-a2d55479db72	0fe3ac80-a012-483a-b805-95f6faf88eef
169	aku teh teh manis	2025-02-13 18:28:52.98	0fe3ac80-a012-483a-b805-95f6faf88eef	29731ea6-e037-40b3-a2b2-a2d55479db72
170	gimana progress kamu, udah makin bagus ?	2025-02-13 18:29:33.789	0fe3ac80-a012-483a-b805-95f6faf88eef	29731ea6-e037-40b3-a2b2-a2d55479db72
171	ya gitulah suf, biasa aja wkwkwkwk, sekarang banyak yg mesti di urus dari catatan MoU nya	2025-02-13 18:30:17.565	29731ea6-e037-40b3-a2b2-a2d55479db72	0fe3ac80-a012-483a-b805-95f6faf88eef
172	oh pantes tadi liat di kantin ngga makan	2025-02-13 18:30:48.531	0fe3ac80-a012-483a-b805-95f6faf88eef	29731ea6-e037-40b3-a2b2-a2d55479db72
173	kenyang sm kerjaan suf awokwkwk	2025-02-13 18:31:21.437	29731ea6-e037-40b3-a2b2-a2d55479db72	0fe3ac80-a012-483a-b805-95f6faf88eef
174	eh btw pak irpan udh keatas belom sih	2025-02-13 18:31:59.642	29731ea6-e037-40b3-a2b2-a2d55479db72	0fe3ac80-a012-483a-b805-95f6faf88eef
175	??	2025-02-13 18:32:02.023	29731ea6-e037-40b3-a2b2-a2d55479db72	0fe3ac80-a012-483a-b805-95f6faf88eef
176	beloman may	2025-02-13 18:32:11.018	0fe3ac80-a012-483a-b805-95f6faf88eef	29731ea6-e037-40b3-a2b2-a2d55479db72
177	suf	2025-02-13 18:35:28.35	29731ea6-e037-40b3-a2b2-a2d55479db72	0fe3ac80-a012-483a-b805-95f6faf88eef
178	iya mayy	2025-02-13 18:35:36.435	0fe3ac80-a012-483a-b805-95f6faf88eef	29731ea6-e037-40b3-a2b2-a2d55479db72
179	minta tolong boleh ??	2025-02-13 18:35:52.236	29731ea6-e037-40b3-a2b2-a2d55479db72	0fe3ac80-a012-483a-b805-95f6faf88eef
180	suff	2025-02-13 18:35:58.816	29731ea6-e037-40b3-a2b2-a2d55479db72	0fe3ac80-a012-483a-b805-95f6faf88eef
181	boleh	2025-02-13 18:36:03.105	0fe3ac80-a012-483a-b805-95f6faf88eef	29731ea6-e037-40b3-a2b2-a2d55479db72
182	kenapa	2025-02-13 18:36:05.853	0fe3ac80-a012-483a-b805-95f6faf88eef	29731ea6-e037-40b3-a2b2-a2d55479db72
183	suf	2025-02-13 18:36:11.442	29731ea6-e037-40b3-a2b2-a2d55479db72	0fe3ac80-a012-483a-b805-95f6faf88eef
184	mau nitip teh tarik 1	2025-02-13 18:36:20.254	29731ea6-e037-40b3-a2b2-a2d55479db72	0fe3ac80-a012-483a-b805-95f6faf88eef
185	okee may	2025-02-13 18:36:26.018	0fe3ac80-a012-483a-b805-95f6faf88eef	29731ea6-e037-40b3-a2b2-a2d55479db72
186	halow	2025-02-13 18:37:11.147	0fe3ac80-a012-483a-b805-95f6faf88eef	29731ea6-e037-40b3-a2b2-a2d55479db72
187	hey	2025-02-13 18:37:42.646	0fe3ac80-a012-483a-b805-95f6faf88eef	29731ea6-e037-40b3-a2b2-a2d55479db72
188	hey	2025-02-13 18:37:48.542	0fe3ac80-a012-483a-b805-95f6faf88eef	29731ea6-e037-40b3-a2b2-a2d55479db72
189	oy	2025-02-13 18:38:11.865	0fe3ac80-a012-483a-b805-95f6faf88eef	29731ea6-e037-40b3-a2b2-a2d55479db72
190	mau	2025-02-13 18:47:46.131	0fe3ac80-a012-483a-b805-95f6faf88eef	29731ea6-e037-40b3-a2b2-a2d55479db72
191	mayyy	2025-02-13 18:48:03.29	0fe3ac80-a012-483a-b805-95f6faf88eef	29731ea6-e037-40b3-a2b2-a2d55479db72
192	mYa	2025-02-13 18:49:02.074	0fe3ac80-a012-483a-b805-95f6faf88eef	29731ea6-e037-40b3-a2b2-a2d55479db72
193	my	2025-02-13 18:49:17.312	0fe3ac80-a012-483a-b805-95f6faf88eef	29731ea6-e037-40b3-a2b2-a2d55479db72
194	tes	2025-02-13 18:53:25.437	0fe3ac80-a012-483a-b805-95f6faf88eef	29731ea6-e037-40b3-a2b2-a2d55479db72
195	tes	2025-02-13 18:54:07.452	0fe3ac80-a012-483a-b805-95f6faf88eef	29731ea6-e037-40b3-a2b2-a2d55479db72
196	tes	2025-02-13 18:54:11.184	0fe3ac80-a012-483a-b805-95f6faf88eef	29731ea6-e037-40b3-a2b2-a2d55479db72
197	tes	2025-02-13 18:54:26.577	0fe3ac80-a012-483a-b805-95f6faf88eef	29731ea6-e037-40b3-a2b2-a2d55479db72
198	may	2025-02-13 18:54:34.161	0fe3ac80-a012-483a-b805-95f6faf88eef	29731ea6-e037-40b3-a2b2-a2d55479db72
199	mayyy	2025-02-13 18:55:05.642	0fe3ac80-a012-483a-b805-95f6faf88eef	29731ea6-e037-40b3-a2b2-a2d55479db72
200	tes	2025-02-13 19:05:03.378	0fe3ac80-a012-483a-b805-95f6faf88eef	29731ea6-e037-40b3-a2b2-a2d55479db72
201	ra	2025-02-13 19:05:50.566	0fe3ac80-a012-483a-b805-95f6faf88eef	29731ea6-e037-40b3-a2b2-a2d55479db72
202	asd	2025-02-13 19:07:24.781	0fe3ac80-a012-483a-b805-95f6faf88eef	29731ea6-e037-40b3-a2b2-a2d55479db72
203	tes	2025-02-13 19:08:19.907	0fe3ac80-a012-483a-b805-95f6faf88eef	29731ea6-e037-40b3-a2b2-a2d55479db72
204	ra	2025-02-13 19:09:16.475	0fe3ac80-a012-483a-b805-95f6faf88eef	29731ea6-e037-40b3-a2b2-a2d55479db72
205	sdf	2025-02-13 19:09:54.281	0fe3ac80-a012-483a-b805-95f6faf88eef	29731ea6-e037-40b3-a2b2-a2d55479db72
206	tes	2025-02-13 19:14:17.734	0fe3ac80-a012-483a-b805-95f6faf88eef	29731ea6-e037-40b3-a2b2-a2d55479db72
207	tes	2025-02-13 19:14:44.375	0fe3ac80-a012-483a-b805-95f6faf88eef	29731ea6-e037-40b3-a2b2-a2d55479db72
208	tes	2025-02-13 19:15:13.103	0fe3ac80-a012-483a-b805-95f6faf88eef	29731ea6-e037-40b3-a2b2-a2d55479db72
209	tes	2025-02-13 19:15:21.718	0fe3ac80-a012-483a-b805-95f6faf88eef	29731ea6-e037-40b3-a2b2-a2d55479db72
210	tes	2025-02-13 19:17:30.805	0fe3ac80-a012-483a-b805-95f6faf88eef	29731ea6-e037-40b3-a2b2-a2d55479db72
211	tes	2025-02-13 19:18:31.089	0fe3ac80-a012-483a-b805-95f6faf88eef	29731ea6-e037-40b3-a2b2-a2d55479db72
212	hoy	2025-02-13 19:18:45.042	0fe3ac80-a012-483a-b805-95f6faf88eef	29731ea6-e037-40b3-a2b2-a2d55479db72
213	asd	2025-02-13 19:19:48.926	0fe3ac80-a012-483a-b805-95f6faf88eef	29731ea6-e037-40b3-a2b2-a2d55479db72
214	asd	2025-02-13 19:20:05.824	0fe3ac80-a012-483a-b805-95f6faf88eef	29731ea6-e037-40b3-a2b2-a2d55479db72
215	asd	2025-02-13 19:20:36.238	0fe3ac80-a012-483a-b805-95f6faf88eef	29731ea6-e037-40b3-a2b2-a2d55479db72
216	wey	2025-02-13 19:20:48.97	0fe3ac80-a012-483a-b805-95f6faf88eef	29731ea6-e037-40b3-a2b2-a2d55479db72
217	tes	2025-02-13 19:21:20.332	45438c37-ddfd-493a-b6bf-a9a6c28ade31	29731ea6-e037-40b3-a2b2-a2d55479db72
218	may	2025-02-13 19:21:22.712	45438c37-ddfd-493a-b6bf-a9a6c28ade31	29731ea6-e037-40b3-a2b2-a2d55479db72
219	gy	2025-02-13 19:24:01.319	45438c37-ddfd-493a-b6bf-a9a6c28ade31	29731ea6-e037-40b3-a2b2-a2d55479db72
220	gey	2025-02-13 19:24:06.108	29731ea6-e037-40b3-a2b2-a2d55479db72	45438c37-ddfd-493a-b6bf-a9a6c28ade31
221	tes	2025-02-13 19:25:50.093	45438c37-ddfd-493a-b6bf-a9a6c28ade31	29731ea6-e037-40b3-a2b2-a2d55479db72
222	wii	2025-02-13 21:12:00.342	c03bb1d3-d9b1-4200-b881-66c44101ba03	45438c37-ddfd-493a-b6bf-a9a6c28ade31
223	tes	2025-02-13 21:12:18.735	c03bb1d3-d9b1-4200-b881-66c44101ba03	45438c37-ddfd-493a-b6bf-a9a6c28ade31
224	hey'	2025-02-13 21:12:40.667	45438c37-ddfd-493a-b6bf-a9a6c28ade31	3b3e2f09-a2d3-4eee-8b4f-81c06b5b1711
225	wer	2025-02-13 21:12:50.91	c03bb1d3-d9b1-4200-b881-66c44101ba03	45438c37-ddfd-493a-b6bf-a9a6c28ade31
226	sdfsdfsd	2025-02-13 21:13:04.75	3b3e2f09-a2d3-4eee-8b4f-81c06b5b1711	45438c37-ddfd-493a-b6bf-a9a6c28ade31
228	sdf	2025-02-13 21:13:26.025	3b3e2f09-a2d3-4eee-8b4f-81c06b5b1711	45438c37-ddfd-493a-b6bf-a9a6c28ade31
227	asd	2025-02-13 21:13:23.163	45438c37-ddfd-493a-b6bf-a9a6c28ade31	3b3e2f09-a2d3-4eee-8b4f-81c06b5b1711
229	sdf	2025-02-13 21:14:39.333	3b3e2f09-a2d3-4eee-8b4f-81c06b5b1711	45438c37-ddfd-493a-b6bf-a9a6c28ade31
230	sdf	2025-02-13 21:14:46.475	45438c37-ddfd-493a-b6bf-a9a6c28ade31	3b3e2f09-a2d3-4eee-8b4f-81c06b5b1711
231	sad	2025-02-13 21:15:02.773	45438c37-ddfd-493a-b6bf-a9a6c28ade31	3b3e2f09-a2d3-4eee-8b4f-81c06b5b1711
232	asd	2025-02-13 21:15:07.86	3b3e2f09-a2d3-4eee-8b4f-81c06b5b1711	45438c37-ddfd-493a-b6bf-a9a6c28ade31
233	wef	2025-02-13 21:15:13.287	45438c37-ddfd-493a-b6bf-a9a6c28ade31	3b3e2f09-a2d3-4eee-8b4f-81c06b5b1711
234	asd	2025-02-13 21:15:27.56	45438c37-ddfd-493a-b6bf-a9a6c28ade31	3b3e2f09-a2d3-4eee-8b4f-81c06b5b1711
235	sdf	2025-02-13 21:15:32.236	3b3e2f09-a2d3-4eee-8b4f-81c06b5b1711	45438c37-ddfd-493a-b6bf-a9a6c28ade31
236	asdas	2025-02-13 21:15:41.982	3b3e2f09-a2d3-4eee-8b4f-81c06b5b1711	45438c37-ddfd-493a-b6bf-a9a6c28ade31
237	tes	2025-02-13 21:27:55.056	45438c37-ddfd-493a-b6bf-a9a6c28ade31	3b3e2f09-a2d3-4eee-8b4f-81c06b5b1711
238	tes'	2025-02-13 21:29:04.734	45438c37-ddfd-493a-b6bf-a9a6c28ade31	3b3e2f09-a2d3-4eee-8b4f-81c06b5b1711
239	asdsad	2025-02-13 21:30:01.824	45438c37-ddfd-493a-b6bf-a9a6c28ade31	3b3e2f09-a2d3-4eee-8b4f-81c06b5b1711
240	asdasd	2025-02-13 21:30:15.431	3b3e2f09-a2d3-4eee-8b4f-81c06b5b1711	45438c37-ddfd-493a-b6bf-a9a6c28ade31
241	cbcvb	2025-02-13 21:30:18.707	3b3e2f09-a2d3-4eee-8b4f-81c06b5b1711	45438c37-ddfd-493a-b6bf-a9a6c28ade31
242	tes	2025-02-13 21:30:23.363	45438c37-ddfd-493a-b6bf-a9a6c28ade31	3b3e2f09-a2d3-4eee-8b4f-81c06b5b1711
243	holaa	2025-02-13 21:32:51.263	3b3e2f09-a2d3-4eee-8b4f-81c06b5b1711	45438c37-ddfd-493a-b6bf-a9a6c28ade31
244	oi	2025-02-13 21:32:56.734	45438c37-ddfd-493a-b6bf-a9a6c28ade31	3b3e2f09-a2d3-4eee-8b4f-81c06b5b1711
245	oi	2025-02-13 21:32:59.521	45438c37-ddfd-493a-b6bf-a9a6c28ade31	3b3e2f09-a2d3-4eee-8b4f-81c06b5b1711
246	apaa	2025-02-13 21:33:02.559	3b3e2f09-a2d3-4eee-8b4f-81c06b5b1711	45438c37-ddfd-493a-b6bf-a9a6c28ade31
247	workk	2025-02-13 21:33:09.852	3b3e2f09-a2d3-4eee-8b4f-81c06b5b1711	45438c37-ddfd-493a-b6bf-a9a6c28ade31
248	tes	2025-02-13 21:35:39.988	3b3e2f09-a2d3-4eee-8b4f-81c06b5b1711	45438c37-ddfd-493a-b6bf-a9a6c28ade31
249	hii	2025-02-13 21:35:54.62	45438c37-ddfd-493a-b6bf-a9a6c28ade31	3b3e2f09-a2d3-4eee-8b4f-81c06b5b1711
250	tes	2025-02-13 21:36:17.103	45438c37-ddfd-493a-b6bf-a9a6c28ade31	3b3e2f09-a2d3-4eee-8b4f-81c06b5b1711
251	tse'	2025-02-13 21:38:24.709	45438c37-ddfd-493a-b6bf-a9a6c28ade31	3b3e2f09-a2d3-4eee-8b4f-81c06b5b1711
252	hei	2025-02-13 21:38:28.136	45438c37-ddfd-493a-b6bf-a9a6c28ade31	3b3e2f09-a2d3-4eee-8b4f-81c06b5b1711
253	hei	2025-02-13 21:39:01.821	45438c37-ddfd-493a-b6bf-a9a6c28ade31	3b3e2f09-a2d3-4eee-8b4f-81c06b5b1711
254	kabarr'	2025-02-13 21:39:17.27	3b3e2f09-a2d3-4eee-8b4f-81c06b5b1711	45438c37-ddfd-493a-b6bf-a9a6c28ade31
255	d	2025-02-13 21:39:22.051	3b3e2f09-a2d3-4eee-8b4f-81c06b5b1711	45438c37-ddfd-493a-b6bf-a9a6c28ade31
256	asd	2025-02-13 21:39:24.224	45438c37-ddfd-493a-b6bf-a9a6c28ade31	3b3e2f09-a2d3-4eee-8b4f-81c06b5b1711
257	 xcb	2025-02-13 21:39:28.752	45438c37-ddfd-493a-b6bf-a9a6c28ade31	3b3e2f09-a2d3-4eee-8b4f-81c06b5b1711
258	xcv	2025-02-13 21:39:33.43	45438c37-ddfd-493a-b6bf-a9a6c28ade31	3b3e2f09-a2d3-4eee-8b4f-81c06b5b1711
259	sdf	2025-02-13 21:41:03.987	45438c37-ddfd-493a-b6bf-a9a6c28ade31	3b3e2f09-a2d3-4eee-8b4f-81c06b5b1711
260	sdf	2025-02-13 21:41:07.9	3b3e2f09-a2d3-4eee-8b4f-81c06b5b1711	45438c37-ddfd-493a-b6bf-a9a6c28ade31
261	sdf	2025-02-13 21:41:11.692	3b3e2f09-a2d3-4eee-8b4f-81c06b5b1711	45438c37-ddfd-493a-b6bf-a9a6c28ade31
262	boyy	2025-02-13 21:41:15.858	3b3e2f09-a2d3-4eee-8b4f-81c06b5b1711	45438c37-ddfd-493a-b6bf-a9a6c28ade31
263	sdf	2025-02-13 21:41:21.437	45438c37-ddfd-493a-b6bf-a9a6c28ade31	3b3e2f09-a2d3-4eee-8b4f-81c06b5b1711
264	cl	2025-02-13 21:45:51.241	45438c37-ddfd-493a-b6bf-a9a6c28ade31	3b3e2f09-a2d3-4eee-8b4f-81c06b5b1711
265	k	2025-02-13 21:46:05.677	3b3e2f09-a2d3-4eee-8b4f-81c06b5b1711	45438c37-ddfd-493a-b6bf-a9a6c28ade31
266	jk	2025-02-13 21:46:12.739	3b3e2f09-a2d3-4eee-8b4f-81c06b5b1711	45438c37-ddfd-493a-b6bf-a9a6c28ade31
267	asd	2025-02-13 21:48:19.989	45438c37-ddfd-493a-b6bf-a9a6c28ade31	3b3e2f09-a2d3-4eee-8b4f-81c06b5b1711
268	ty	2025-02-13 21:48:25.94	3b3e2f09-a2d3-4eee-8b4f-81c06b5b1711	45438c37-ddfd-493a-b6bf-a9a6c28ade31
269	hjk	2025-02-13 21:48:28.508	3b3e2f09-a2d3-4eee-8b4f-81c06b5b1711	45438c37-ddfd-493a-b6bf-a9a6c28ade31
270	sdf	2025-02-13 21:49:55.792	45438c37-ddfd-493a-b6bf-a9a6c28ade31	3b3e2f09-a2d3-4eee-8b4f-81c06b5b1711
271	sdf	2025-02-13 21:49:58.375	45438c37-ddfd-493a-b6bf-a9a6c28ade31	3b3e2f09-a2d3-4eee-8b4f-81c06b5b1711
272	asd	2025-02-13 21:50:04.472	45438c37-ddfd-493a-b6bf-a9a6c28ade31	3b3e2f09-a2d3-4eee-8b4f-81c06b5b1711
273	sdfsdf	2025-02-13 21:50:11.85	3b3e2f09-a2d3-4eee-8b4f-81c06b5b1711	45438c37-ddfd-493a-b6bf-a9a6c28ade31
274	claraaa	2025-02-13 21:52:32.074	45438c37-ddfd-493a-b6bf-a9a6c28ade31	3b3e2f09-a2d3-4eee-8b4f-81c06b5b1711
275	tes	2025-02-13 21:54:44.754	45438c37-ddfd-493a-b6bf-a9a6c28ade31	3b3e2f09-a2d3-4eee-8b4f-81c06b5b1711
276	tes	2025-02-13 22:14:08.212	45438c37-ddfd-493a-b6bf-a9a6c28ade31	3b3e2f09-a2d3-4eee-8b4f-81c06b5b1711
277	asd	2025-02-13 22:14:17.211	45438c37-ddfd-493a-b6bf-a9a6c28ade31	3b3e2f09-a2d3-4eee-8b4f-81c06b5b1711
278	rtsedf	2025-02-13 22:14:54.315	45438c37-ddfd-493a-b6bf-a9a6c28ade31	3b3e2f09-a2d3-4eee-8b4f-81c06b5b1711
279	tes	2025-02-13 22:50:44.083	45438c37-ddfd-493a-b6bf-a9a6c28ade31	3b3e2f09-a2d3-4eee-8b4f-81c06b5b1711
280	ehey	2025-02-13 22:50:58.821	3b3e2f09-a2d3-4eee-8b4f-81c06b5b1711	45438c37-ddfd-493a-b6bf-a9a6c28ade31
281	selamat datang orang baru	2025-02-13 22:51:15.54	dd91b360-3320-4b5a-b8b9-52b9537300a4	45438c37-ddfd-493a-b6bf-a9a6c28ade31
282	rid	2025-02-13 22:51:28.896	3b3e2f09-a2d3-4eee-8b4f-81c06b5b1711	45438c37-ddfd-493a-b6bf-a9a6c28ade31
283	oy	2025-02-13 22:51:32.514	45438c37-ddfd-493a-b6bf-a9a6c28ade31	3b3e2f09-a2d3-4eee-8b4f-81c06b5b1711
284	apaan	2025-02-13 22:51:34.722	45438c37-ddfd-493a-b6bf-a9a6c28ade31	3b3e2f09-a2d3-4eee-8b4f-81c06b5b1711
285	paannn	2025-02-13 22:51:36.244	45438c37-ddfd-493a-b6bf-a9a6c28ade31	3b3e2f09-a2d3-4eee-8b4f-81c06b5b1711
286	paan	2025-02-13 22:51:37.391	45438c37-ddfd-493a-b6bf-a9a6c28ade31	3b3e2f09-a2d3-4eee-8b4f-81c06b5b1711
287	gapapa	2025-02-13 22:51:41.687	45438c37-ddfd-493a-b6bf-a9a6c28ade31	3b3e2f09-a2d3-4eee-8b4f-81c06b5b1711
288	?	2025-02-13 22:51:43.324	45438c37-ddfd-493a-b6bf-a9a6c28ade31	3b3e2f09-a2d3-4eee-8b4f-81c06b5b1711
289	ra	2025-02-13 22:54:19.101	3b3e2f09-a2d3-4eee-8b4f-81c06b5b1711	45438c37-ddfd-493a-b6bf-a9a6c28ade31
290	raaa	2025-02-13 22:54:23.735	3b3e2f09-a2d3-4eee-8b4f-81c06b5b1711	45438c37-ddfd-493a-b6bf-a9a6c28ade31
291	tes	2025-02-13 22:54:57.641	3b3e2f09-a2d3-4eee-8b4f-81c06b5b1711	45438c37-ddfd-493a-b6bf-a9a6c28ade31
292	tes	2025-02-13 22:55:01.454	45438c37-ddfd-493a-b6bf-a9a6c28ade31	3b3e2f09-a2d3-4eee-8b4f-81c06b5b1711
293	tes	2025-02-13 23:02:08.847	45438c37-ddfd-493a-b6bf-a9a6c28ade31	3b3e2f09-a2d3-4eee-8b4f-81c06b5b1711
294	tes	2025-02-13 23:02:14.699	3b3e2f09-a2d3-4eee-8b4f-81c06b5b1711	45438c37-ddfd-493a-b6bf-a9a6c28ade31
295	tes	2025-02-13 23:02:21.76	3b3e2f09-a2d3-4eee-8b4f-81c06b5b1711	45438c37-ddfd-493a-b6bf-a9a6c28ade31
296	tes	2025-02-13 23:04:51.047	45438c37-ddfd-493a-b6bf-a9a6c28ade31	3b3e2f09-a2d3-4eee-8b4f-81c06b5b1711
297	tes	2025-02-13 23:14:01.102	45438c37-ddfd-493a-b6bf-a9a6c28ade31	3b3e2f09-a2d3-4eee-8b4f-81c06b5b1711
298	iya	2025-02-13 23:14:05.455	3b3e2f09-a2d3-4eee-8b4f-81c06b5b1711	45438c37-ddfd-493a-b6bf-a9a6c28ade31
299	iyaaah	2025-02-13 23:14:07.847	3b3e2f09-a2d3-4eee-8b4f-81c06b5b1711	45438c37-ddfd-493a-b6bf-a9a6c28ade31
300	lagi apa	2025-02-13 23:14:13.374	45438c37-ddfd-493a-b6bf-a9a6c28ade31	3b3e2f09-a2d3-4eee-8b4f-81c06b5b1711
301	analisa	2025-02-13 23:14:20.248	3b3e2f09-a2d3-4eee-8b4f-81c06b5b1711	45438c37-ddfd-493a-b6bf-a9a6c28ade31
302	kamu >	2025-02-13 23:14:23.107	3b3e2f09-a2d3-4eee-8b4f-81c06b5b1711	45438c37-ddfd-493a-b6bf-a9a6c28ade31
303	??	2025-02-13 23:14:25.421	3b3e2f09-a2d3-4eee-8b4f-81c06b5b1711	45438c37-ddfd-493a-b6bf-a9a6c28ade31
304	aku ngoding	2025-02-13 23:14:28.873	45438c37-ddfd-493a-b6bf-a9a6c28ade31	3b3e2f09-a2d3-4eee-8b4f-81c06b5b1711
305	ohh	2025-02-13 23:14:35.192	3b3e2f09-a2d3-4eee-8b4f-81c06b5b1711	45438c37-ddfd-493a-b6bf-a9a6c28ade31
306	yea	2025-02-13 23:14:37.523	45438c37-ddfd-493a-b6bf-a9a6c28ade31	3b3e2f09-a2d3-4eee-8b4f-81c06b5b1711
307	tes	2025-02-13 23:22:59.701	3b3e2f09-a2d3-4eee-8b4f-81c06b5b1711	45438c37-ddfd-493a-b6bf-a9a6c28ade31
308	tes	2025-02-14 00:10:17.501	3b3e2f09-a2d3-4eee-8b4f-81c06b5b1711	3b3e2f09-a2d3-4eee-8b4f-81c06b5b1711
309	tes hey	2025-02-14 00:16:17.777	3b3e2f09-a2d3-4eee-8b4f-81c06b5b1711	45438c37-ddfd-493a-b6bf-a9a6c28ade31
310	hallow	2025-02-14 00:16:28.336	3b3e2f09-a2d3-4eee-8b4f-81c06b5b1711	45438c37-ddfd-493a-b6bf-a9a6c28ade31
311	hyeho	2025-02-14 00:16:36.068	3b3e2f09-a2d3-4eee-8b4f-81c06b5b1711	45438c37-ddfd-493a-b6bf-a9a6c28ade31
312	iyaa	2025-02-14 00:16:42.37	3b3e2f09-a2d3-4eee-8b4f-81c06b5b1711	45438c37-ddfd-493a-b6bf-a9a6c28ade31
313	tesr	2025-02-14 00:16:52.788	3b3e2f09-a2d3-4eee-8b4f-81c06b5b1711	45438c37-ddfd-493a-b6bf-a9a6c28ade31
314	sdfsdfsd	2025-02-14 00:17:02.03	3b3e2f09-a2d3-4eee-8b4f-81c06b5b1711	45438c37-ddfd-493a-b6bf-a9a6c28ade31
315	well	2025-02-14 00:17:20.765	3b3e2f09-a2d3-4eee-8b4f-81c06b5b1711	45438c37-ddfd-493a-b6bf-a9a6c28ade31
316	hihihi	2025-02-14 00:17:27.462	3b3e2f09-a2d3-4eee-8b4f-81c06b5b1711	45438c37-ddfd-493a-b6bf-a9a6c28ade31
317	apa sih	2025-02-14 00:17:34.963	45438c37-ddfd-493a-b6bf-a9a6c28ade31	3b3e2f09-a2d3-4eee-8b4f-81c06b5b1711
318	hey	2025-02-14 00:33:28.279	45438c37-ddfd-493a-b6bf-a9a6c28ade31	3b3e2f09-a2d3-4eee-8b4f-81c06b5b1711
319	hey	2025-02-14 00:33:48.235	45438c37-ddfd-493a-b6bf-a9a6c28ade31	3b3e2f09-a2d3-4eee-8b4f-81c06b5b1711
320	hey	2025-02-14 00:34:02.739	45438c37-ddfd-493a-b6bf-a9a6c28ade31	3b3e2f09-a2d3-4eee-8b4f-81c06b5b1711
321	hey	2025-02-14 00:34:14.338	45438c37-ddfd-493a-b6bf-a9a6c28ade31	3b3e2f09-a2d3-4eee-8b4f-81c06b5b1711
322	hoyyy	2025-02-14 00:34:18.464	45438c37-ddfd-493a-b6bf-a9a6c28ade31	3b3e2f09-a2d3-4eee-8b4f-81c06b5b1711
323	yoo	2025-02-14 00:35:24.598	45438c37-ddfd-493a-b6bf-a9a6c28ade31	3b3e2f09-a2d3-4eee-8b4f-81c06b5b1711
324	ghj	2025-02-14 00:35:28.867	45438c37-ddfd-493a-b6bf-a9a6c28ade31	3b3e2f09-a2d3-4eee-8b4f-81c06b5b1711
325	tfg	2025-02-14 00:35:38.996	45438c37-ddfd-493a-b6bf-a9a6c28ade31	3b3e2f09-a2d3-4eee-8b4f-81c06b5b1711
326	well	2025-02-14 00:35:45.068	3b3e2f09-a2d3-4eee-8b4f-81c06b5b1711	45438c37-ddfd-493a-b6bf-a9a6c28ade31
327	zxc	2025-02-14 00:35:48.19	3b3e2f09-a2d3-4eee-8b4f-81c06b5b1711	45438c37-ddfd-493a-b6bf-a9a6c28ade31
328	ghj	2025-02-14 00:35:56.484	45438c37-ddfd-493a-b6bf-a9a6c28ade31	3b3e2f09-a2d3-4eee-8b4f-81c06b5b1711
329	fsdf	2025-02-14 00:36:15.841	3b3e2f09-a2d3-4eee-8b4f-81c06b5b1711	45438c37-ddfd-493a-b6bf-a9a6c28ade31
330	sdf	2025-02-14 00:36:22.028	45438c37-ddfd-493a-b6bf-a9a6c28ade31	3b3e2f09-a2d3-4eee-8b4f-81c06b5b1711
331	hihi	2025-02-14 00:36:25.741	3b3e2f09-a2d3-4eee-8b4f-81c06b5b1711	45438c37-ddfd-493a-b6bf-a9a6c28ade31
332	asdshjk	2025-02-14 00:36:32.398	45438c37-ddfd-493a-b6bf-a9a6c28ade31	3b3e2f09-a2d3-4eee-8b4f-81c06b5b1711
333	bhj	2025-02-14 00:36:43.155	45438c37-ddfd-493a-b6bf-a9a6c28ade31	3b3e2f09-a2d3-4eee-8b4f-81c06b5b1711
334	tes	2025-02-14 00:37:12.256	45438c37-ddfd-493a-b6bf-a9a6c28ade31	3b3e2f09-a2d3-4eee-8b4f-81c06b5b1711
335	zxc	2025-02-14 00:37:16.54	3b3e2f09-a2d3-4eee-8b4f-81c06b5b1711	45438c37-ddfd-493a-b6bf-a9a6c28ade31
336	ewll	2025-02-14 00:37:23.807	45438c37-ddfd-493a-b6bf-a9a6c28ade31	3b3e2f09-a2d3-4eee-8b4f-81c06b5b1711
337	hihi	2025-02-14 00:37:27.261	3b3e2f09-a2d3-4eee-8b4f-81c06b5b1711	45438c37-ddfd-493a-b6bf-a9a6c28ade31
338	wel	2025-02-14 00:37:57.329	45438c37-ddfd-493a-b6bf-a9a6c28ade31	3b3e2f09-a2d3-4eee-8b4f-81c06b5b1711
339	hiii	2025-02-14 00:38:02.475	3b3e2f09-a2d3-4eee-8b4f-81c06b5b1711	45438c37-ddfd-493a-b6bf-a9a6c28ade31
340	hiii	2025-02-14 00:39:20.187	45438c37-ddfd-493a-b6bf-a9a6c28ade31	3b3e2f09-a2d3-4eee-8b4f-81c06b5b1711
341	woy	2025-02-14 00:39:22.604	45438c37-ddfd-493a-b6bf-a9a6c28ade31	3b3e2f09-a2d3-4eee-8b4f-81c06b5b1711
342	opooo	2025-02-14 00:39:30.261	3b3e2f09-a2d3-4eee-8b4f-81c06b5b1711	45438c37-ddfd-493a-b6bf-a9a6c28ade31
343	opooo	2025-02-14 00:39:38.246	3b3e2f09-a2d3-4eee-8b4f-81c06b5b1711	45438c37-ddfd-493a-b6bf-a9a6c28ade31
344	tes	2025-02-14 00:39:42.966	45438c37-ddfd-493a-b6bf-a9a6c28ade31	3b3e2f09-a2d3-4eee-8b4f-81c06b5b1711
345	goo	2025-02-14 00:39:48.369	45438c37-ddfd-493a-b6bf-a9a6c28ade31	3b3e2f09-a2d3-4eee-8b4f-81c06b5b1711
346	ggjhk	2025-02-14 00:39:52.903	3b3e2f09-a2d3-4eee-8b4f-81c06b5b1711	45438c37-ddfd-493a-b6bf-a9a6c28ade31
347	asdfsdf	2025-02-14 00:40:01.137	3b3e2f09-a2d3-4eee-8b4f-81c06b5b1711	45438c37-ddfd-493a-b6bf-a9a6c28ade31
348	\\	2025-02-14 00:40:01.94	3b3e2f09-a2d3-4eee-8b4f-81c06b5b1711	45438c37-ddfd-493a-b6bf-a9a6c28ade31
349	tesss	2025-02-14 00:43:03.36	3b3e2f09-a2d3-4eee-8b4f-81c06b5b1711	45438c37-ddfd-493a-b6bf-a9a6c28ade31
350	asdasd	2025-02-14 00:43:20.539	3b3e2f09-a2d3-4eee-8b4f-81c06b5b1711	45438c37-ddfd-493a-b6bf-a9a6c28ade31
351	asd	2025-02-14 00:44:12.74	3b3e2f09-a2d3-4eee-8b4f-81c06b5b1711	45438c37-ddfd-493a-b6bf-a9a6c28ade31
352	asd	2025-02-14 00:44:18.104	3b3e2f09-a2d3-4eee-8b4f-81c06b5b1711	45438c37-ddfd-493a-b6bf-a9a6c28ade31
353	asd	2025-02-14 00:47:44.759	c03bb1d3-d9b1-4200-b881-66c44101ba03	3b3e2f09-a2d3-4eee-8b4f-81c06b5b1711
354	rid	2025-02-14 01:03:48.501	3b3e2f09-a2d3-4eee-8b4f-81c06b5b1711	45438c37-ddfd-493a-b6bf-a9a6c28ade31
355	apa	2025-02-14 01:04:03.781	45438c37-ddfd-493a-b6bf-a9a6c28ade31	3b3e2f09-a2d3-4eee-8b4f-81c06b5b1711
356	cek	2025-02-14 01:04:07.009	3b3e2f09-a2d3-4eee-8b4f-81c06b5b1711	45438c37-ddfd-493a-b6bf-a9a6c28ade31
357	testing ga	2025-02-14 01:04:14.036	3b3e2f09-a2d3-4eee-8b4f-81c06b5b1711	45438c37-ddfd-493a-b6bf-a9a6c28ade31
358	test	2025-02-14 01:04:20.643	3b3e2f09-a2d3-4eee-8b4f-81c06b5b1711	45438c37-ddfd-493a-b6bf-a9a6c28ade31
359	testgaa	2025-02-14 01:04:32.184	3b3e2f09-a2d3-4eee-8b4f-81c06b5b1711	45438c37-ddfd-493a-b6bf-a9a6c28ade31
360	hahh	2025-02-14 01:04:50.241	45438c37-ddfd-493a-b6bf-a9a6c28ade31	3b3e2f09-a2d3-4eee-8b4f-81c06b5b1711
361	hihahh	2025-02-14 01:04:56.218	45438c37-ddfd-493a-b6bf-a9a6c28ade31	3b3e2f09-a2d3-4eee-8b4f-81c06b5b1711
362	mabasaaa	2025-02-14 01:04:59.93	45438c37-ddfd-493a-b6bf-a9a6c28ade31	3b3e2f09-a2d3-4eee-8b4f-81c06b5b1711
363	budi	2025-02-14 07:06:00.546	3f7bc74f-a917-41cb-96c0-c3abb5dd1c03	45438c37-ddfd-493a-b6bf-a9a6c28ade31
364	p	2025-02-14 07:07:52.806	3f7bc74f-a917-41cb-96c0-c3abb5dd1c03	45438c37-ddfd-493a-b6bf-a9a6c28ade31
365	p	2025-02-14 07:08:06.691	3f7bc74f-a917-41cb-96c0-c3abb5dd1c03	45438c37-ddfd-493a-b6bf-a9a6c28ade31
366	l	2025-02-14 07:08:11.265	3f7bc74f-a917-41cb-96c0-c3abb5dd1c03	45438c37-ddfd-493a-b6bf-a9a6c28ade31
367	bu	2025-02-14 07:08:54.582	3f7bc74f-a917-41cb-96c0-c3abb5dd1c03	45438c37-ddfd-493a-b6bf-a9a6c28ade31
368	tes	2025-02-14 07:09:10.825	3b3e2f09-a2d3-4eee-8b4f-81c06b5b1711	45438c37-ddfd-493a-b6bf-a9a6c28ade31
369	tf	2025-02-14 07:09:23.654	3b3e2f09-a2d3-4eee-8b4f-81c06b5b1711	45438c37-ddfd-493a-b6bf-a9a6c28ade31
370	k	2025-02-14 07:09:39.92	3b3e2f09-a2d3-4eee-8b4f-81c06b5b1711	45438c37-ddfd-493a-b6bf-a9a6c28ade31
371	p	2025-02-14 07:09:44.893	45438c37-ddfd-493a-b6bf-a9a6c28ade31	3b3e2f09-a2d3-4eee-8b4f-81c06b5b1711
372	j	2025-02-14 07:09:56.164	45438c37-ddfd-493a-b6bf-a9a6c28ade31	3b3e2f09-a2d3-4eee-8b4f-81c06b5b1711
373	jj	2025-02-14 07:10:03.574	45438c37-ddfd-493a-b6bf-a9a6c28ade31	3b3e2f09-a2d3-4eee-8b4f-81c06b5b1711
374	jjnjn	2025-02-14 07:10:14.528	3b3e2f09-a2d3-4eee-8b4f-81c06b5b1711	45438c37-ddfd-493a-b6bf-a9a6c28ade31
375	ihi	2025-02-14 07:10:19.452	3b3e2f09-a2d3-4eee-8b4f-81c06b5b1711	45438c37-ddfd-493a-b6bf-a9a6c28ade31
376	k	2025-02-14 07:10:26.76	3b3e2f09-a2d3-4eee-8b4f-81c06b5b1711	45438c37-ddfd-493a-b6bf-a9a6c28ade31
377	pppppp	2025-02-14 07:10:39.264	3b3e2f09-a2d3-4eee-8b4f-81c06b5b1711	45438c37-ddfd-493a-b6bf-a9a6c28ade31
378	k	2025-02-14 07:11:07.348	3b3e2f09-a2d3-4eee-8b4f-81c06b5b1711	45438c37-ddfd-493a-b6bf-a9a6c28ade31
379	kl	2025-02-14 07:11:19.561	3b3e2f09-a2d3-4eee-8b4f-81c06b5b1711	45438c37-ddfd-493a-b6bf-a9a6c28ade31
380	o	2025-02-14 07:11:27.449	3b3e2f09-a2d3-4eee-8b4f-81c06b5b1711	45438c37-ddfd-493a-b6bf-a9a6c28ade31
381	hallow	2025-02-14 16:15:32.325	3b3e2f09-a2d3-4eee-8b4f-81c06b5b1711	dd91e4a6-ae31-4ee8-8bde-a80541b66b5e
382	udah mam belom	2025-02-14 16:15:59.15	3b3e2f09-a2d3-4eee-8b4f-81c06b5b1711	dd91e4a6-ae31-4ee8-8bde-a80541b66b5e
383	belum nyonggg	2025-02-14 16:16:05.251	dd91e4a6-ae31-4ee8-8bde-a80541b66b5e	3b3e2f09-a2d3-4eee-8b4f-81c06b5b1711
384	hhihihi	2025-02-14 16:16:10.237	3b3e2f09-a2d3-4eee-8b4f-81c06b5b1711	dd91e4a6-ae31-4ee8-8bde-a80541b66b5e
385	siapa ini ->🦜	2025-02-14 16:16:42.182	3b3e2f09-a2d3-4eee-8b4f-81c06b5b1711	dd91e4a6-ae31-4ee8-8bde-a80541b66b5e
386	si embull	2025-02-14 16:16:47.586	dd91e4a6-ae31-4ee8-8bde-a80541b66b5e	3b3e2f09-a2d3-4eee-8b4f-81c06b5b1711
\.


--
-- Data for Name: Task; Type: TABLE DATA; Schema: public; Owner: postgres
--

COPY public."Task" (id, title, status, description, "createdAt", "updatedAt", "leadId", "teamId", "taskCode") FROM stdin;
81b3414e-3d1e-4421-a717-92bad4b01c15	Rapat Koordinasi Proyek dengan Tim IT	DONE	Jadwalkan pertemuan untuk membahas perkembangan proyek dan kendala yang dihadapi. Dalam rapat ini, pastikan untuk:\n\n    Menyediakan update terbaru dari setiap anggota tim.\n    Mengidentifikasi masalah yang mungkin menghambat kemajuan.\n    Menetapkan langkah-langkah selanjutnya dan tanggung jawab masing-masing anggota.\n	2025-02-12 13:39:34.054	2025-02-12 13:53:25.403	3b3e2f09-a2d3-4eee-8b4f-81c06b5b1711	6fc41501-0a0b-4dae-8297-c2a20c661f13	TASK-1
19dace41-577c-4ef2-b408-e0a2598e8e99	Uji Coba Fitur Baru dengan Pengguna	ON_PROGRESS	Ajak beberapa pengguna untuk mencoba fitur baru dan berikan umpan balik. Langkah-langkah yang perlu dilakukan:\n\n    Menentukan kelompok pengguna yang representatif.\n    Menyusun skenario pengujian untuk menguji fitur.\n    Mengumpulkan umpan balik dan mencatat masalah yang muncul untuk perbaikan.\n	2025-02-12 13:49:51.936	2025-02-12 13:54:42.596	3b3e2f09-a2d3-4eee-8b4f-81c06b5b1711	20d13d35-5908-4be5-8ce7-6954b2951a14	TASK-3
760ec401-21aa-42cc-9f4a-b0e2c4bfe4b4	Membuat MoU dan Perancangan di Document API	DONE	Buat rancangan dengan document di www.rancangbangun.com	2025-02-14 16:08:19.781	2025-02-14 16:10:57.835	dd91e4a6-ae31-4ee8-8bde-a80541b66b5e	3b3e2f09-a2d3-4eee-8b4f-81c06b5b1711	TASK-5
15062b4c-bfcc-42e0-979c-02556a659725	Pembuatan Dokumentasi Proses Kerja	ON_PROGRESS	Siapkan dokumentasi yang jelas untuk setiap proses kerja agar mudah dipahami oleh tim. Dokumentasi harus mencakup:\n\n    Langkah-langkah rinci untuk setiap tugas.\n    Contoh penggunaan dan hasil yang diharapkan.\n    Pembaruan berkala untuk memastikan informasi selalu relevan.\n	2025-02-12 14:01:26.081	2025-02-12 21:49:04.105	3b3e2f09-a2d3-4eee-8b4f-81c06b5b1711	45438c37-ddfd-493a-b6bf-a9a6c28ade31	TASK-4
6991ef15-93b2-4315-be1b-c98da3e6727d	Analisis Data Pengguna untuk Peningkatan Produk	REJECT	Kumpulkan dan analisis data pengguna untuk mengidentifikasi area yang perlu diperbaiki. Proses ini meliputi:\n\n    Mengumpulkan data dari survei pengguna dan analitik aplikasi.\n    Menganalisis pola penggunaan dan umpan balik.\n    Menyusun rekomendasi untuk perubahan produk berdasarkan hasil analisis.\n	2025-02-12 13:44:59.69	2025-02-12 23:33:14.307	3b3e2f09-a2d3-4eee-8b4f-81c06b5b1711	d7c46837-81e4-4efb-9145-ce9572238840	TASK-2
\.


--
-- Data for Name: TaskLog; Type: TABLE DATA; Schema: public; Owner: postgres
--

COPY public."TaskLog" (id, "taskId", action, description, "timestamp", message) FROM stdin;
43e943a3-80ab-4eaf-a004-4ea763171914	81b3414e-3d1e-4421-a717-92bad4b01c15	Task Updated	\N	2025-02-12 13:39:50.748	Task status updated to: undefined by Ridwan Taufik
ee42ba5c-4c02-43a9-855f-1adafebf713c	81b3414e-3d1e-4421-a717-92bad4b01c15	Task Updated	\N	2025-02-12 13:39:51.53	Task status updated to: undefined by Ridwan Taufik
ecc47749-7b28-4269-9922-a617876d7712	19dace41-577c-4ef2-b408-e0a2598e8e99	Task Created	Ajak beberapa pengguna untuk mencoba fitur baru dan berikan umpan balik. Langkah-langkah yang perlu dilakukan:\n\n    Menentukan kelompok pengguna yang representatif.\n    Menyusun skenario pengujian untuk menguji fitur.\n    Mengumpulkan umpan balik dan mencatat masalah yang muncul untuk perbaikan.\n	2025-02-12 13:49:51.942	Task created with title: Uji Coba Fitur Baru dengan Pengguna by Ridwan Taufik
dae8c5d4-062e-4d5a-a426-84c98f0d52ef	81b3414e-3d1e-4421-a717-92bad4b01c15	Task Completed (Status: DONE)	\N	2025-02-12 13:53:25.542	Task completed with status: DONE by Ridwan Taufik
f63c5cf9-f673-4f26-bba9-0eac8608e2df	6991ef15-93b2-4315-be1b-c98da3e6727d	Task Rejected (Status: REJECT)	\N	2025-02-12 13:54:53.491	Task rejected with status: REJECT by Ridwan Taufik
d524f2ef-b271-4c15-8593-05026370962e	15062b4c-bfcc-42e0-979c-02556a659725	Task Created	Siapkan dokumentasi yang jelas untuk setiap proses kerja agar mudah dipahami oleh tim. Dokumentasi harus mencakup:\n\n    Langkah-langkah rinci untuk setiap tugas.\n    Contoh penggunaan dan hasil yang diharapkan.\n    Pembaruan berkala untuk memastikan informasi selalu relevan.\n	2025-02-12 14:01:26.087	Task created with title: Pembuatan Dokumentasi Proses Kerja by Ridwan Taufik
63ea9588-e79f-40a2-9250-0c1c43910c50	19dace41-577c-4ef2-b408-e0a2598e8e99	Task Progressed (Status: ON_PROGRESS)	\N	2025-02-12 13:54:42.747	Task is now on progress with status: ON_PROGRESS by Ridwan Taufik
c786a7d0-1ee5-4cdf-91e0-a32fe685d2df	6991ef15-93b2-4315-be1b-c98da3e6727d	Task Progressed (Status: ON_PROGRESS)	\N	2025-02-12 13:52:11.27	Task is now on progress with status: ON_PROGRESS by Ridwan Taufik
59e50fe9-84cd-456a-b550-1c1abbe97df8	81b3414e-3d1e-4421-a717-92bad4b01c15	Task Progressed (Status: ON_PROGRESS)	\N	2025-02-12 13:40:09.641	Task is now on progress with status: ON_PROGRESS by Ridwan Taufik
c2b25921-250e-404f-b26a-f9168ae1b10c	15062b4c-bfcc-42e0-979c-02556a659725	Task Progressed (Status: ON_PROGRESS)	\N	2025-02-12 14:03:50.82	Task is now on progress with status: ON_PROGRESS by Clara Citra Puji
133f7954-2f97-4d46-95b3-1335e11b6f75	15062b4c-bfcc-42e0-979c-02556a659725	Description Updated	Siapkan dokumentasi yang jelas untuk setiap proses kerja agar mudah dipahami oleh tim. Dokumentasi harus mencakup:\n\n    Langkah-langkah rinci untuk setiap tugas.\n    Contoh penggunaan dan hasil yang diharapkan.\n    Pembaruan berkala untuk memastikan informasi selalu relevan.\n	2025-02-12 21:49:04.345	Task description updated with new details: Siapkan dokumentasi yang jelas untuk setiap proses kerja agar mudah dipahami oleh tim. Dokumentasi harus mencakup:\n\n    Langkah-langkah rinci untuk setiap tugas.\n    Contoh penggunaan dan hasil yang diharapkan.\n    Pembaruan berkala untuk memastikan informasi selalu relevan.\n by Ridwan Taufik
c217dc02-c9b0-40bf-9a11-9c7a76029618	6991ef15-93b2-4315-be1b-c98da3e6727d	Task Updated	\N	2025-02-12 23:33:04.098	Task status updated to: Unknown Status by Ridwan Taufik
51a585d5-b2cf-4837-ac94-09e383dc3c56	6991ef15-93b2-4315-be1b-c98da3e6727d	Task Updated	\N	2025-02-12 23:33:14.413	Task status updated to: Unknown Status by Ridwan Taufik
76a2ddb0-b47a-4484-b411-404f4ee53f96	760ec401-21aa-42cc-9f4a-b0e2c4bfe4b4	Task Created	Buat rancangan dengan document di www.rancangbangun.com	2025-02-14 16:08:19.794	Task created with title: Membuat MoU dan Perancangan di Document API by Tiara Permata
399aab7b-bd94-4f54-b59d-e53e20b4f062	760ec401-21aa-42cc-9f4a-b0e2c4bfe4b4	Task Progressed (Status: On Progress)	\N	2025-02-14 16:10:31.727	Task is now on progress with status: On Progress by Tiara Permata
96f8c04e-024e-4f0f-82c5-0f739e971164	760ec401-21aa-42cc-9f4a-b0e2c4bfe4b4	Task Completed (Status: Completed)	\N	2025-02-14 16:10:35.716	Task completed with status: Completed by Tiara Permata
30f10533-5c7e-4cd1-8dfd-2ac37d03108a	760ec401-21aa-42cc-9f4a-b0e2c4bfe4b4	Task Rejected (Status: Rejected)	\N	2025-02-14 16:10:37.763	Task rejected with status: Rejected by Tiara Permata
83a5fc76-32b8-4c14-824d-a80163f65587	760ec401-21aa-42cc-9f4a-b0e2c4bfe4b4	Task Completed (Status: Completed)	\N	2025-02-14 16:10:57.845	Task completed with status: Completed by Tiara Permata
\.


--
-- Data for Name: User; Type: TABLE DATA; Schema: public; Owner: postgres
--

COPY public."User" (id, name, email, password, role, "createdAt", "updatedAt") FROM stdin;
3b3e2f09-a2d3-4eee-8b4f-81c06b5b1711	Ridwan Taufik	ridwan@gm.com	$2a$10$swg9.NsLgMRJqYPkuTz13u0zzz5WT9460BDf1rkscwTQuhn61u25O	Lead	2025-02-12 12:44:14.918	2025-02-12 12:44:14.918
45438c37-ddfd-493a-b6bf-a9a6c28ade31	Clara Citra Puji	clara@gm.com	$2a$10$4rd9i5jxsSATrNbSlOePJOGdHhVJ2TPEmaWJtYdAfTrqVhmUVKHDC	Team	2025-02-12 12:46:45.624	2025-02-12 12:46:45.624
d7c46837-81e4-4efb-9145-ce9572238840	Aulia Rahman	aulia@gm.com	$2a$10$M6nrhJ4Fvnq4txZf2q.1CugQkt34TgYSZdq8SK5uGFl9Q4Apc2HXu	Team	2025-02-12 12:47:36.262	2025-02-12 12:47:36.262
c295a17e-1db1-4ad3-a287-1f79bc2f5386	Putri Melati	putri@gm.com	$2a$10$D3l68GUKpyK.8hu39tdHF.p6RuSN.fUDCtEXWPZ94rQ/7XqBinNBe	Team	2025-02-12 12:48:09.854	2025-02-12 12:48:09.854
3f7bc74f-a917-41cb-96c0-c3abb5dd1c03	Budi Santoso	budi@gm.com	$2a$10$/uzVm2rJSsg62s.1SHdq1OHw02NHk1KUzjRaPMZbBhfpbhL9bdeDu	Lead	2025-02-12 12:48:37.188	2025-02-12 12:48:37.188
70c36c0e-5c2e-4b34-a10e-4b8f7d4475d8	Sari Indah	sari@gm.com	$2a$10$J/n4X2SwXN.Yh9fAMEFyreBluDq151C1hgd.T79DdJCHxI5Tn4Dsy	Team	2025-02-12 12:48:53.733	2025-02-12 12:48:53.733
c03bb1d3-d9b1-4200-b881-66c44101ba03	Dewi Lestari	dewi@gm.com	$2a$10$AoZFANQ1l0gsEI2vVaH5p.6lrgTlWaYNnMWRraP7.f0bNDelRxS0e	Team	2025-02-12 12:49:12.608	2025-02-12 12:49:12.608
20d13d35-5908-4be5-8ce7-6954b2951a14	Rizki Maulana	rizki@gm.com	$2a$10$khz8Qdeu6sNoo/YsZ6QWQOD.1zqoONRst2Xt4nxuMmYDL7RmJoPBO	Team	2025-02-12 12:49:31.055	2025-02-12 12:49:31.055
4a4d827c-419a-4ee2-9f7b-db448edf3dbf	Nadia Gerald	nadia@gm.com	$2a$10$CB.Wl.FqG2mtworl0goa7.9LGsTtuWFjJkf6P/kKlNa5CNMKwFLg6	Team	2025-02-12 12:50:03.211	2025-02-12 12:50:03.211
dd91b360-3320-4b5a-b8b9-52b9537300a4	Andi Saputra	andi@gm.com	$2a$10$MHKPn2ppxzCC3l/Zv4oUo.Vy4RpF2yVCmMHb0PaRH/gkPsAV2Olsa	Team	2025-02-12 12:50:21.519	2025-02-12 12:50:21.519
9758045f-a561-47ac-80d4-3dc4bf22e9ac	Citra Ayu	citra@gm.com	$2a$10$/Rhli2FHPxoAgmjF7y58DO7RDhxgPtBWw8fqz0dO/nApD5lwy2rWu	Lead	2025-02-12 12:50:39.073	2025-02-12 12:50:39.073
6fc41501-0a0b-4dae-8297-c2a20c661f13	Fajar Nugraha	fajar@gm.com	$2a$10$s8hzidaMi39FgcDyBMgsnumKSkZqnd1Ve.60HHL6srevS7rl/Vmoq	Lead	2025-02-12 12:50:57.074	2025-02-12 12:50:57.074
29731ea6-e037-40b3-a2b2-a2d55479db72	Yusuf Alamsyah	yusuf@gm.com	$2a$10$aITmJBRM6nZWzTr/oVhRluEwvv2F.i5R25ZvtjBahPMyTE6yslM3e	Lead	2025-02-12 12:51:34.899	2025-02-12 12:51:34.899
d77dcc44-a0e9-4565-b19d-5f17d2d72b32	Dimas Ardiansyah	dimas@gm.com	$2a$10$kehVbwv3FA20icS0hLfM5.QfzpX/we66srxoei/yLbur7hASS2mjy	Team	2025-02-12 12:52:02.318	2025-02-12 12:52:02.318
0fe3ac80-a012-483a-b805-95f6faf88eef	Maya Sari	maya@gm.com	$2a$10$yyHhLnP0Rvj0voHG5bjuFOvHquv2XfThGwRwdT3Ag9FLJcXiMYAnK	Lead	2025-02-12 12:52:20.856	2025-02-12 12:52:20.856
eef41b8b-e48a-47cb-a6ac-037b7430545d	Firdaus Khaliq	firdaus@gm.com	$2a$10$MDxDH4OBXAdlwap4V.zbBO.Dh30NLLmSlJfHaxlhPgmi4DLjzs5P6	Team	2025-02-13 22:31:57.989	2025-02-13 22:31:57.989
dd91e4a6-ae31-4ee8-8bde-a80541b66b5e	Tiara Permata	tiara@gm.com	$2a$10$.Y3FLR9LI4I26eOuF/PVSu1c.hRjqwBbCWCIV5hd4x8a39mNO5xtu	Lead	2025-02-14 16:01:01.322	2025-02-14 16:01:01.322
\.


--
-- Name: Chat_id_seq; Type: SEQUENCE SET; Schema: public; Owner: postgres
--

SELECT pg_catalog.setval('public."Chat_id_seq"', 386, true);


--
-- Name: Chat Chat_pkey; Type: CONSTRAINT; Schema: public; Owner: postgres
--

ALTER TABLE ONLY public."Chat"
    ADD CONSTRAINT "Chat_pkey" PRIMARY KEY (id);


--
-- Name: TaskLog TaskLog_pkey; Type: CONSTRAINT; Schema: public; Owner: postgres
--

ALTER TABLE ONLY public."TaskLog"
    ADD CONSTRAINT "TaskLog_pkey" PRIMARY KEY (id);


--
-- Name: Task Task_pkey; Type: CONSTRAINT; Schema: public; Owner: postgres
--

ALTER TABLE ONLY public."Task"
    ADD CONSTRAINT "Task_pkey" PRIMARY KEY (id);


--
-- Name: User User_pkey; Type: CONSTRAINT; Schema: public; Owner: postgres
--

ALTER TABLE ONLY public."User"
    ADD CONSTRAINT "User_pkey" PRIMARY KEY (id);


--
-- Name: Task_leadId_idx; Type: INDEX; Schema: public; Owner: postgres
--

CREATE INDEX "Task_leadId_idx" ON public."Task" USING btree ("leadId");


--
-- Name: Task_teamId_idx; Type: INDEX; Schema: public; Owner: postgres
--

CREATE INDEX "Task_teamId_idx" ON public."Task" USING btree ("teamId");


--
-- Name: User_email_key; Type: INDEX; Schema: public; Owner: postgres
--

CREATE UNIQUE INDEX "User_email_key" ON public."User" USING btree (email);


--
-- Name: Chat chat_notify_trigger; Type: TRIGGER; Schema: public; Owner: postgres
--

CREATE TRIGGER chat_notify_trigger AFTER INSERT ON public."Chat" FOR EACH ROW EXECUTE FUNCTION public.notify_new_message();


--
-- Name: Chat Chat_receiverId_fkey; Type: FK CONSTRAINT; Schema: public; Owner: postgres
--

ALTER TABLE ONLY public."Chat"
    ADD CONSTRAINT "Chat_receiverId_fkey" FOREIGN KEY ("receiverId") REFERENCES public."User"(id) ON UPDATE CASCADE ON DELETE RESTRICT;


--
-- Name: Chat Chat_senderId_fkey; Type: FK CONSTRAINT; Schema: public; Owner: postgres
--

ALTER TABLE ONLY public."Chat"
    ADD CONSTRAINT "Chat_senderId_fkey" FOREIGN KEY ("senderId") REFERENCES public."User"(id) ON UPDATE CASCADE ON DELETE RESTRICT;


--
-- Name: TaskLog TaskLog_taskId_fkey; Type: FK CONSTRAINT; Schema: public; Owner: postgres
--

ALTER TABLE ONLY public."TaskLog"
    ADD CONSTRAINT "TaskLog_taskId_fkey" FOREIGN KEY ("taskId") REFERENCES public."Task"(id) ON UPDATE CASCADE ON DELETE RESTRICT;


--
-- Name: Task Task_leadId_fkey; Type: FK CONSTRAINT; Schema: public; Owner: postgres
--

ALTER TABLE ONLY public."Task"
    ADD CONSTRAINT "Task_leadId_fkey" FOREIGN KEY ("leadId") REFERENCES public."User"(id) ON UPDATE CASCADE ON DELETE RESTRICT;


--
-- Name: Task Task_teamId_fkey; Type: FK CONSTRAINT; Schema: public; Owner: postgres
--

ALTER TABLE ONLY public."Task"
    ADD CONSTRAINT "Task_teamId_fkey" FOREIGN KEY ("teamId") REFERENCES public."User"(id) ON UPDATE CASCADE ON DELETE RESTRICT;


--
-- Name: SCHEMA public; Type: ACL; Schema: -; Owner: postgres
--

REVOKE USAGE ON SCHEMA public FROM PUBLIC;


--
-- PostgreSQL database dump complete
--

